 rho,v,p
   1.0000000000000000      ,   0.0000000000000000      ,   1.0000000000000000     
   1.0000000000000000      ,   0.0000000000000000      ,   1.0000000000000000     
   1.0000000000000000      ,   0.0000000000000000      ,   1.0000000000000000     
   1.0000000000000000      ,   0.0000000000000000      ,   1.0000000000000000     
   1.0000000000000000      ,   0.0000000000000000      ,   1.0000000000000000     
   1.0000000000000000      ,   0.0000000000000000      ,   1.0000000000000000     
   1.0000000000000000      ,   0.0000000000000000      ,   1.0000000000000000     
   1.0000000000000000      ,   0.0000000000000000      ,   1.0000000000000000     
   1.0000000000000000      ,   0.0000000000000000      ,   1.0000000000000000     
   1.0000000000000000      ,   0.0000000000000000      ,   1.0000000000000000     
   1.0000000000000000      ,   0.0000000000000000      ,   1.0000000000000000     
   1.0000000000000000      ,   0.0000000000000000      ,   1.0000000000000000     
   1.0000000000000000      ,   0.0000000000000000      ,   1.0000000000000000     
   1.0000000000000000      ,   0.0000000000000000      ,   1.0000000000000000     
   1.0000000000000000      ,   0.0000000000000000      ,   1.0000000000000000     
   1.0000000000000000      ,   0.0000000000000000      ,   1.0000000000000000     
   1.0000000000000000      ,   0.0000000000000000      ,   1.0000000000000000     
   1.0000000000000000      ,   0.0000000000000000      ,   1.0000000000000000     
   1.0000000000000000      ,   0.0000000000000000      ,   1.0000000000000000     
   1.0000000000000000      ,   0.0000000000000000      ,   1.0000000000000000     
   1.0000000000000000      ,   0.0000000000000000      ,   1.0000000000000000     
   1.0000000000000000      ,   0.0000000000000000      ,   1.0000000000000000     
   1.0000000000000000      ,   0.0000000000000000      ,   1.0000000000000000     
   1.0000000000000000      ,   0.0000000000000000      ,   1.0000000000000000     
   1.0000000000000000      ,   0.0000000000000000      ,   1.0000000000000000     
   1.0000000000000000      ,   0.0000000000000000      ,   1.0000000000000000     
   1.0000000000000000      ,   0.0000000000000000      ,   1.0000000000000000     
   1.0000000000000000      ,   0.0000000000000000      ,   1.0000000000000000     
   1.0000000000000000      ,   0.0000000000000000      ,   1.0000000000000000     
   1.0000000000000000      ,   0.0000000000000000      ,   1.0000000000000000     
   1.0000000000000000      ,   0.0000000000000000      ,   1.0000000000000000     
   1.0000000000000000      ,   0.0000000000000000      ,   1.0000000000000000     
   1.0000000000000000      ,   0.0000000000000000      ,   1.0000000000000000     
   1.0000000000000000      ,   0.0000000000000000      ,   1.0000000000000000     
   1.0000000000000000      ,   0.0000000000000000      ,   1.0000000000000000     
   1.0000000000000000      ,   0.0000000000000000      ,   1.0000000000000000     
   1.0000000000000000      ,   0.0000000000000000      ,   1.0000000000000000     
   1.0000000000000000      ,   0.0000000000000000      ,   1.0000000000000000     
   1.0000000000000000      ,   0.0000000000000000      ,   1.0000000000000000     
   1.0000000000000000      ,   0.0000000000000000      ,   1.0000000000000000     
   1.0000000000000000      ,   0.0000000000000000      ,   1.0000000000000000     
   1.0000000000000000      ,   0.0000000000000000      ,   1.0000000000000000     
   1.0000000000000000      ,   0.0000000000000000      ,   1.0000000000000000     
   1.0000000000000000      ,   0.0000000000000000      ,   1.0000000000000000     
   1.0000000000000000      ,   0.0000000000000000      ,   1.0000000000000000     
   1.0000000000000000      ,   0.0000000000000000      ,   1.0000000000000000     
   1.0000000000000000      ,   0.0000000000000000      ,   1.0000000000000000     
   1.0000000000000000      ,   0.0000000000000000      ,   1.0000000000000000     
   1.0000000000000000      ,   0.0000000000000000      ,   1.0000000000000000     
   1.0000000000000000      ,   0.0000000000000000      ,   1.0000000000000000     
   1.0000000000000000      ,   0.0000000000000000      ,   1.0000000000000000     
   1.0000000000000000      ,   0.0000000000000000      ,   1.0000000000000000     
   1.0000000000000000      ,   0.0000000000000000      ,   1.0000000000000000     
   1.0000000000000000      ,   0.0000000000000000      ,   1.0000000000000000     
   1.0000000000000000      ,   0.0000000000000000      ,   1.0000000000000000     
   1.0000000000000000      ,   0.0000000000000000      ,   1.0000000000000000     
   1.0000000000000000      ,   0.0000000000000000      ,   1.0000000000000000     
   1.0000000000000000      ,   0.0000000000000000      ,   1.0000000000000000     
   1.0000000000000000      ,   0.0000000000000000      ,   1.0000000000000000     
   1.0000000000000000      ,   0.0000000000000000      ,   1.0000000000000000     
   1.0000000000000000      ,   0.0000000000000000      ,   1.0000000000000000     
   1.0000000000000000      ,   0.0000000000000000      ,   1.0000000000000000     
   1.0000000000000000      ,   0.0000000000000000      ,   1.0000000000000000     
   1.0000000000000000      ,   0.0000000000000000      ,   1.0000000000000000     
   1.0000000000000000      ,   0.0000000000000000      ,   1.0000000000000000     
   1.0000000000000000      ,   0.0000000000000000      ,   1.0000000000000000     
   1.0000000000000000      ,   0.0000000000000000      ,   1.0000000000000000     
   1.0000000000000000      ,   0.0000000000000000      ,   1.0000000000000000     
   1.0000000000000000      ,   0.0000000000000000      ,   1.0000000000000000     
   1.0000000000000000      ,   0.0000000000000000      ,   1.0000000000000000     
   1.0000000000000000      ,   0.0000000000000000      ,   1.0000000000000000     
   1.0000000000000000      ,   0.0000000000000000      ,   1.0000000000000000     
   1.0000000000000000      ,   0.0000000000000000      ,   1.0000000000000000     
   1.0000000000000000      ,   0.0000000000000000      ,   1.0000000000000000     
   1.0000000000000000      ,   0.0000000000000000      ,   1.0000000000000000     
   1.0000000000000000      ,   0.0000000000000000      ,   1.0000000000000000     
   1.0000000000000000      ,   0.0000000000000000      ,   1.0000000000000000     
   1.0000000000000000      ,   0.0000000000000000      ,   1.0000000000000000     
   1.0000000000000000      ,   0.0000000000000000      ,   1.0000000000000000     
   1.0000000000000000      ,   0.0000000000000000      ,   1.0000000000000000     
   1.0000000000000000      ,   0.0000000000000000      ,   1.0000000000000000     
   1.0000000000000000      ,   0.0000000000000000      ,   1.0000000000000000     
   1.0000000000000000      ,   0.0000000000000000      ,   1.0000000000000000     
   1.0000000000000000      ,   0.0000000000000000      ,   1.0000000000000000     
   1.0000000000000000      ,   0.0000000000000000      ,   1.0000000000000000     
   1.0000000000000000      ,   0.0000000000000000      ,   1.0000000000000000     
   1.0000000000000000      ,   0.0000000000000000      ,   1.0000000000000000     
   1.0000000000000000      ,   0.0000000000000000      ,   1.0000000000000000     
   1.0000000000000000      ,   0.0000000000000000      ,   1.0000000000000000     
   1.0000000000000000      ,   0.0000000000000000      ,   1.0000000000000000     
   1.0000000000000000      ,   0.0000000000000000      ,   1.0000000000000000     
   1.0000000000000000      ,   0.0000000000000000      ,   1.0000000000000000     
   1.0000000000000000      ,   0.0000000000000000      ,   1.0000000000000000     
   1.0000000000000000      ,   0.0000000000000000      ,   1.0000000000000000     
   1.0000000000000000      ,   0.0000000000000000      ,   1.0000000000000000     
   1.0000000000000000      ,   0.0000000000000000      ,   1.0000000000000000     
   1.0000000000000000      ,   0.0000000000000000      ,   1.0000000000000000     
   1.0000000000000000      ,   0.0000000000000000      ,   1.0000000000000000     
   1.0000000000000000      ,   0.0000000000000000      ,   1.0000000000000000     
   1.0000000000000000      ,   0.0000000000000000      ,   1.0000000000000000     
   1.0000000000000000      ,   0.0000000000000000      ,   1.0000000000000000     
   1.0000000000000000      ,   0.0000000000000000      ,   1.0000000000000000     
   1.0000000000000000      ,   0.0000000000000000      ,   1.0000000000000000     
   1.0000000000000000      ,   0.0000000000000000      ,   1.0000000000000000     
   1.0000000000000000      ,   0.0000000000000000      ,   1.0000000000000000     
   1.0000000000000000      ,   0.0000000000000000      ,   1.0000000000000000     
   1.0000000000000000      ,   0.0000000000000000      ,   1.0000000000000000     
   1.0000000000000000      ,   0.0000000000000000      ,   1.0000000000000000     
   1.0000000000000000      ,   0.0000000000000000      ,   1.0000000000000000     
   1.0000000000000000      ,   0.0000000000000000      ,   1.0000000000000000     
   1.0000000000000000      ,   0.0000000000000000      ,   1.0000000000000000     
   1.0000000000000000      ,   0.0000000000000000      ,   1.0000000000000000     
   1.0000000000000000      ,   0.0000000000000000      ,   1.0000000000000000     
   1.0000000000000000      ,   0.0000000000000000      ,   1.0000000000000000     
   1.0000000000000000      ,   0.0000000000000000      ,   1.0000000000000000     
   1.0000000000000000      ,   0.0000000000000000      ,   1.0000000000000000     
   1.0000000000000000      ,   0.0000000000000000      ,   1.0000000000000000     
   1.0000000000000000      ,   0.0000000000000000      ,   1.0000000000000000     
   1.0000000000000000      ,   0.0000000000000000      ,   1.0000000000000000     
   1.0000000000000000      ,   0.0000000000000000      ,   1.0000000000000000     
   1.0000000000000000      ,   0.0000000000000000      ,   1.0000000000000000     
   1.0000000000000000      ,   0.0000000000000000      ,   1.0000000000000000     
   1.0000000000000000      ,   0.0000000000000000      ,   1.0000000000000000     
   1.0000000000000000      ,   0.0000000000000000      ,   1.0000000000000000     
   1.0000000000000000      ,   0.0000000000000000      ,   1.0000000000000000     
   1.0000000000000000      ,   0.0000000000000000      ,   1.0000000000000000     
   1.0000000000000000      ,   0.0000000000000000      ,   1.0000000000000000     
   1.0000000000000000      ,   0.0000000000000000      ,   1.0000000000000000     
   1.0000000000000000      ,   0.0000000000000000      ,   1.0000000000000000     
   1.0000000000000000      ,   0.0000000000000000      ,   1.0000000000000000     
   1.0000000000000000      ,   0.0000000000000000      ,   1.0000000000000000     
   1.0000000000000000      ,   0.0000000000000000      ,   1.0000000000000000     
   1.0000000000000000      ,   0.0000000000000000      ,   1.0000000000000000     
   1.0000000000000000      ,   0.0000000000000000      ,   1.0000000000000000     
   1.0000000000000000      ,   0.0000000000000000      ,   1.0000000000000000     
   1.0000000000000000      ,   0.0000000000000000      ,   1.0000000000000000     
   1.0000000000000000      ,   0.0000000000000000      ,   1.0000000000000000     
   1.0000000000000000      ,   0.0000000000000000      ,   1.0000000000000000     
   1.0000000000000000      ,   0.0000000000000000      ,   1.0000000000000000     
   1.0000000000000000      ,   0.0000000000000000      ,   1.0000000000000000     
   1.0000000000000000      ,   0.0000000000000000      ,   1.0000000000000000     
   1.0000000000000000      ,   0.0000000000000000      ,   1.0000000000000000     
   1.0000000000000000      ,   0.0000000000000000      ,   1.0000000000000000     
   1.0000000000000000      ,   0.0000000000000000      ,   1.0000000000000000     
   1.0000000000000000      ,   0.0000000000000000      ,   1.0000000000000000     
   1.0000000000000000      ,   0.0000000000000000      ,   1.0000000000000000     
   1.0000000000000000      ,   0.0000000000000000      ,   1.0000000000000000     
   1.0000000000000000      ,   0.0000000000000000      ,   1.0000000000000000     
   1.0000000000000000      ,   0.0000000000000000      ,   1.0000000000000000     
   1.0000000000000000      ,   0.0000000000000000      ,   1.0000000000000000     
   1.0000000000000000      ,   0.0000000000000000      ,   1.0000000000000000     
   1.0000000000000000      ,   0.0000000000000000      ,   1.0000000000000000     
   1.0000000000000000      ,   0.0000000000000000      ,   1.0000000000000000     
   1.0000000000000000      ,   0.0000000000000000      ,   1.0000000000000000     
   1.0000000000000000      ,   0.0000000000000000      ,   1.0000000000000000     
   1.0000000000000000      ,   0.0000000000000000      ,   1.0000000000000000     
   1.0000000000000000      ,   0.0000000000000000      ,   1.0000000000000000     
   1.0000000000000000      ,   0.0000000000000000      ,   1.0000000000000000     
   1.0000000000000000      ,   0.0000000000000000      ,   1.0000000000000000     
   1.0000000000000000      ,   0.0000000000000000      ,   1.0000000000000000     
   1.0000000000000000      ,   0.0000000000000000      ,   1.0000000000000000     
   1.0000000000000000      ,   0.0000000000000000      ,   1.0000000000000000     
   1.0000000000000000      ,   0.0000000000000000      ,   1.0000000000000000     
   1.0000000000000000      ,   0.0000000000000000      ,   1.0000000000000000     
   1.0000000000000000      ,   0.0000000000000000      ,   1.0000000000000000     
   1.0000000000000000      ,   0.0000000000000000      ,   1.0000000000000000     
   1.0000000000000000      ,   0.0000000000000000      ,   1.0000000000000000     
   1.0000000000000000      ,   0.0000000000000000      ,   1.0000000000000000     
   1.0000000000000000      ,   0.0000000000000000      ,   1.0000000000000000     
   1.0000000000000000      ,   0.0000000000000000      ,   1.0000000000000000     
   1.0000000000000000      ,   0.0000000000000000      ,   1.0000000000000000     
   1.0000000000000000      ,   0.0000000000000000      ,   1.0000000000000000     
   1.0000000000000000      ,   0.0000000000000000      ,   1.0000000000000000     
   1.0000000000000000      ,   0.0000000000000000      ,   1.0000000000000000     
   1.0000000000000000      ,   0.0000000000000000      ,   1.0000000000000000     
   1.0000000000000000      ,   0.0000000000000000      ,   1.0000000000000000     
   1.0000000000000000      ,   0.0000000000000000      ,   1.0000000000000000     
   1.0000000000000000      ,   0.0000000000000000      ,   1.0000000000000000     
   1.0000000000000000      ,   0.0000000000000000      ,   1.0000000000000000     
   1.0000000000000000      ,   0.0000000000000000      ,   1.0000000000000000     
   1.0000000000000000      ,   0.0000000000000000      ,   1.0000000000000000     
   1.0000000000000000      ,   0.0000000000000000      ,   1.0000000000000000     
   1.0000000000000000      ,   0.0000000000000000      ,   1.0000000000000000     
   1.0000000000000000      ,   0.0000000000000000      ,   1.0000000000000000     
   1.0000000000000000      ,   0.0000000000000000      ,   1.0000000000000000     
   1.0000000000000000      ,   0.0000000000000000      ,   1.0000000000000000     
   1.0000000000000000      ,   0.0000000000000000      ,   1.0000000000000000     
   1.0000000000000000      ,   0.0000000000000000      ,   1.0000000000000000     
   1.0000000000000000      ,   0.0000000000000000      ,   1.0000000000000000     
   1.0000000000000000      ,   0.0000000000000000      ,   1.0000000000000000     
   1.0000000000000000      ,   0.0000000000000000      ,   1.0000000000000000     
   1.0000000000000000      ,   0.0000000000000000      ,   1.0000000000000000     
   1.0000000000000000      ,   0.0000000000000000      ,   1.0000000000000000     
   1.0000000000000000      ,   0.0000000000000000      ,   1.0000000000000000     
   1.0000000000000000      ,   0.0000000000000000      ,   1.0000000000000000     
   1.0000000000000000      ,   0.0000000000000000      ,   1.0000000000000000     
   1.0000000000000000      ,   0.0000000000000000      ,   1.0000000000000000     
   1.0000000000000000      ,   0.0000000000000000      ,   1.0000000000000000     
   1.0000000000000000      ,   0.0000000000000000      ,   1.0000000000000000     
   1.0000000000000000      ,   0.0000000000000000      ,   1.0000000000000000     
   1.0000000000000000      ,   0.0000000000000000      ,   1.0000000000000000     
   1.0000000000000000      ,   0.0000000000000000      ,   1.0000000000000000     
   1.0000000000000000      ,   0.0000000000000000      ,   1.0000000000000000     
   1.0000000000000000      ,   0.0000000000000000      ,   1.0000000000000000     
   1.0000000000000000      ,   0.0000000000000000      ,   1.0000000000000000     
   1.0000000000000000      ,   7.4812900709829736E-017 ,   1.0000000000000000     
  0.99999999999999978      ,   3.0067499547925829E-016 ,  0.99999999999999956     
  0.99999999999999944      ,   5.2769430590517698E-016 ,  0.99999999999999922     
  0.99999999999999922      ,   9.4074780804611593E-016 ,  0.99999999999999889     
  0.99999999999999889      ,   1.5079321185616078E-015 ,  0.99999999999999822     
  0.99999999999999767      ,   2.6709779276690516E-015 ,  0.99999999999999678     
  0.99999999999999534      ,   5.5691213848343161E-015 ,  0.99999999999999334     
  0.99999999999998979      ,   1.2081424940048303E-014 ,  0.99999999999998579     
  0.99999999999997691      ,   2.7352081375886872E-014 ,  0.99999999999996747     
  0.99999999999994815      ,   6.1782907086122561E-014 ,  0.99999999999992673     
  0.99999999999988254      ,   1.3865865604977220E-013 ,  0.99999999999983580     
  0.99999999999973888      ,   3.0930563596863577E-013 ,  0.99999999999963407     
  0.99999999999942268      ,   6.8319972637932276E-013 ,  0.99999999999919154     
  0.99999999999873646      ,   1.4951672862667220E-012 ,  0.99999999999823086     
  0.99999999999726230      ,   3.2402019990646625E-012 ,  0.99999999999616618     
  0.99999999999412437      ,   6.9519517577526322E-012 ,  0.99999999999177402     
  0.99999999998751998      ,   1.4766395086737627E-011 ,  0.99999999998252809     
  0.99999999997376210      ,   3.1044976218346659E-011 ,  0.99999999996326683     
  0.99999999994540312      ,   6.4599830506109547E-011 ,  0.99999999992356436     
  0.99999999988756794      ,   1.3303152710090075E-010 ,  0.99999999984259480     
  0.99999999977088361      ,   2.7109467703437677E-010 ,  0.99999999967923647     
  0.99999999953801988      ,   5.4662236283588118E-010 ,  0.99999999935322770     
  0.99999999907839165      ,   1.0904615719695346E-009 ,  0.99999999870974854     
  0.99999999818122320      ,   2.1520063051258236E-009 ,  0.99999999745371149     
  0.99999999644962034      ,   4.2008656157211789E-009 ,  0.99999999502946846     
  0.99999999314541299      ,   8.1104564285184556E-009 ,  0.99999999040357834     
  0.99999998691282943      ,   1.5484949326920710E-008 ,  0.99999998167796100     
  0.99999997529344187      ,   2.9233193531949846E-008 ,  0.99999996541081937     
  0.99999995388717733      ,   5.4561429169379699E-008 ,  0.99999993544204824     
  0.99999991492303542      ,   1.0066442482178584E-007 ,  0.99999988089225245     
  0.99999984486229498      ,   1.8356141927434769E-007 ,  0.99999978280722013     
  0.99999972044429397      ,   3.3077480742152882E-007 ,  0.99999960862203541     
  0.99999950227280432      ,   5.8891886994254484E-007 ,  0.99999930318200381     
  0.99999912459646279      ,   1.0357917737564485E-006 ,  0.99999877443528840     
  0.99999847932585195      ,   1.7992869468983023E-006 ,  0.99999787105691418     
  0.99999739152493028      ,   3.0863923636077840E-006 ,  0.99999634813701654     
  0.99999558260882271      ,   5.2267364670503414E-006 ,  0.99999381565838708     
  0.99999261630971847      ,   8.7365246458643917E-006 ,  0.99998966285039081     
  0.99998782124935970      ,   1.4410158886461834E-005 ,  0.99998294979456226     
  0.99998018290709612      ,   2.3448077875469047E-005 ,  0.99997225618975472     
  0.99996819728154329      ,   3.7629941887090568E-005 ,  0.99995547650135275     
  0.99994967918481137      ,   5.9541541047790667E-005 ,  0.99992955162435937     
  0.99992152063708639      ,   9.2860837926361762E-005 ,  0.99989013074576161     
  0.99987940010581311      ,   1.4270235679867261E-004 ,  0.99983116450631149     
  0.99981745212723783      ,   2.1600880340244321E-004 ,  0.99974444291901332     
  0.99972791949371131      ,   3.2196395562341030E-004 ,  0.99961910927705677     
  0.99960082610467926      ,   4.7238220343198689E-004 ,  0.99944120366307376     
  0.99942372572575788      ,   6.8201003288243921E-004 ,  0.99919331379356924     
  0.99918159641897752      ,   9.6865776271424706E-004 ,  0.99885443136242236     
  0.99885695674601727      ,   1.3530724220090311E-003 ,  0.99840012095214359     
  0.99843027175399579      ,   1.8584720487800179E-003 ,  0.99780309712207571     
  0.99788068930254359      ,   2.5096935588011589E-003 ,  0.99703426647041216     
  0.99718709961014451      ,   3.3319616225964553E-003 ,  0.99606422404129180     
  0.99632944862318651      ,   4.3493581302057023E-003 ,  0.99486510537424833     
  0.99529017177181534      ,   5.5831460206768055E-003 ,  0.99341260496295858     
  0.99405556653692440      ,   7.0501572297966102E-003 ,  0.99168790399349294     
  0.99261690704417260      ,   8.7614727663680083E-003 ,  0.98967922917101891     
  0.99097113120123825      ,   1.0721592471798640E-002 ,  0.98738280379194832     
  0.98912099779410090      ,   1.2928216030869718E-002 ,  0.98480304772388960     
  0.98707470170393352      ,   1.5372653035649511E-002 ,  0.98195201204398819     
  0.98484502648121175      ,   1.8040774995459398E-002 ,  0.97884816316323431     
  0.98244818203488460      ,   2.0914342242293067E-002 ,  0.97551472776699766     
  0.97990250673070101      ,   2.3972500467968533E-002 ,  0.97197785347575583     
  0.97722720558060749      ,   2.7193248149344408E-002 ,  0.96826482801496550     
  0.97444125825767935      ,   3.0554717875390117E-002 ,  0.96440254475123266     
  0.97156257723126616      ,   3.4036175001691364E-002 ,  0.96041632603501226     
  0.96860744242699359      ,   3.7618698984356762E-002 ,  0.95632913931279007     
  0.96559019542569369      ,   4.1285563423211373E-002 ,  0.95216117986650506     
  0.96252314849532850      ,   4.5022363959841924E-002 ,  0.94792975542821678     
  0.95941665170257562      ,   4.8816958334105980E-002 ,  0.94364939158126282     
  0.95627926167246358      ,   5.2659283611487979E-002 ,  0.93933207794111639     
  0.95311796368593049      ,   5.6541106967098013E-002 ,  0.93498758704645546     
  0.94993841043035532      ,   6.0455753383841591E-002 ,  0.93062381458384458     
  0.94674515263959058      ,   6.4397839956789743E-002 ,  0.92624710651142528     
  0.94354184715820621      ,   6.8363034508000131E-002 ,  0.92186255317598476     
  0.94033143582161915      ,   7.2347846946544087E-002 ,  0.91747424153123636     
  0.93711629390336193      ,   7.6349455396152899E-002 ,  0.91308546402627078     
  0.93389835010858835      ,   8.0365565181715323E-002 ,  0.90869888718638892     
  0.93067918171445441      ,   8.4394296730666035E-002 ,  0.90431668511093832     
  0.92746008899355370      ,   8.8434097710534218E-002 ,  0.89994064380363381     
  0.92424215293732381      ,   9.2483674786275491E-002 ,  0.89557224203839259     
  0.92102627983980934      ,   9.6541940865171039E-002 ,  0.89121271379200784     
  0.91781323571821261      ,  0.10060797435072100      ,  0.88686309643611771     
  0.91460367296048584      ,  0.10468098759781225      ,  0.88252426804687278     
  0.91139815106527500      ,  0.10876030236938734      ,  0.87819697644845685     
  0.90819715290122272      ,  0.11284533060692448      ,  0.87388186198894002     
  0.90500109756267411      ,  0.11693555923814118      ,  0.86957947555542048     
  0.90181035062842563      ,  0.12103053806449796      ,  0.86529029295624171     
  0.89862523242563297      ,  0.12512987001321096      ,  0.86101472651185207     
  0.89544602474869428      ,  0.12923320321929066      ,  0.85675313448285950     
  0.89227297637034997      ,  0.13334022453685873      ,  0.85250582880666814     
  0.88910630759954934      ,  0.13745065417745195      ,  0.84827308149852831     
  0.88594621407969731      ,  0.14156424124548503      ,  0.84405512998783183     
  0.88279286997602402      ,  0.14568075999454277      ,  0.83985218159772790     
  0.87964643066735360      ,  0.14980000666788379      ,  0.83566441732949159     
  0.87650703503260452      ,  0.15392179681627943      ,  0.83149199507813643     
  0.87337480740342743      ,  0.15804596300876433      ,  0.82733505237932703     
  0.87024985923998388      ,  0.16217235286900106      ,  0.82319370876745046     
  0.86713229057569008      ,  0.16630082738317772      ,  0.81906806780911323     
  0.86402219126810331      ,  0.17043125943562384      ,  0.81495821886418052     
  0.86091964208628780      ,  0.17456353253641679      ,  0.81086423861690515     
  0.85782471565956708      ,  0.17869753971164082      ,  0.80678619241211647     
  0.85473747730823857      ,  0.18283318253209216      ,  0.80272413542534893     
  0.85165798577336260      ,  0.18697037026032892      ,  0.79867811369092245     
  0.84858629385985429      ,  0.19110901909930850      ,  0.79464816500800084     
  0.84552244900487594      ,  0.19524905152857250      ,  0.79063431974143294     
  0.84246649378157101      ,  0.19939039571615649      ,  0.78663660153153214     
  0.83941846634668915      ,  0.20353298499624414      ,  0.78265502792477026     
  0.83637840083929671      ,  0.20767675740408104      ,  0.77868961093555356     
  0.83334632773674544      ,  0.21182165526092187      ,  0.77474035754777248     
  0.83032227417316462      ,  0.21596762480282095      ,  0.77080727016355621     
  0.82730626422498910      ,  0.22011461584794381      ,  0.76689034700563408     
  0.82429831916742902      ,  0.22426258149780576      ,  0.76298958247882653     
  0.82129845770528298      ,  0.22841147786845853      ,  0.75910496749545497     
  0.81830669618102969      ,  0.23256126384816317      ,  0.75523648976882707     
  0.81532304876280781      ,  0.23671190087853439      ,  0.75138413407842664     
  0.81234752761454043      ,  0.24086335275651680      ,  0.74754788250997650     
  0.80938014305018269      ,  0.24501558545488653      ,  0.74372771467314436     
  0.80642090367384767      ,  0.24916856695924944      ,  0.73992360789932543     
  0.80346981650732685      ,  0.25332226711975681      ,  0.73613553742164173     
  0.80052688710635833      ,  0.25747665751597171      ,  0.73236347653902933     
  0.79759211966678767      ,  0.26163171133350788      ,  0.72860739676607544     
  0.79466551712171540      ,  0.26578740325122102      ,  0.72486726797005996     
  0.79174708123049298      ,  0.26994370933788714      ,  0.72114305849649374     
  0.78883681266041428      ,  0.27410060695740979      ,  0.71743473528428958     
  0.78593471106181623      ,  0.27825807468172653      ,  0.71374226397157536     
  0.78304077513721526      ,  0.28241609221066821      ,  0.71006560899304283     
  0.78015500270505034      ,  0.28657464029811475      ,  0.70640473366962608     
  0.77727739075852198      ,  0.29073370068385995      ,  0.70275960029121887     
  0.77440793551996012      ,  0.29489325603066541      ,  0.69913017019305779     
  0.77154663249110356      ,  0.29905328986603902      ,  0.69551640382633917     
  0.76869347649963193      ,  0.30321378652832337      ,  0.69191826082356911     
  0.76584846174226806      ,  0.30737473111671870      ,  0.68833570005910660     
  0.76301158182472639      ,  0.31153610944491267      ,  0.68476867970529764     
  0.76018282979877538      ,  0.31569790799800940      ,  0.68121715728457721     
  0.75736219819664685      ,  0.31986011389249425      ,  0.67768108971786245     
  0.75454967906303405      ,  0.32402271483898021      ,  0.67416043336954345     
  0.75174526398485575      ,  0.32818569910751944      ,  0.67065514408934235     
  0.74894894411899438      ,  0.33234905549527266      ,  0.66716517725128899     
  0.74616071021815378      ,  0.33651277329635237      ,  0.66369048779004081     
  0.74338055265500136      ,  0.34067684227367978      ,  0.66023103023474661     
  0.74060846144470038      ,  0.34484125263269361      ,  0.65678675874064507     
  0.73784442626598346      ,  0.34900599499678525      ,  0.65335762711856282     
  0.73508843648084221      ,  0.35317106038432977      ,  0.64994358886246772     
  0.73234048115296713      ,  0.35733644018720412      ,  0.64654459717521517     
  0.72960054906500815      ,  0.36150212615068505      ,  0.64316060499261840     
  0.72686862873476898      ,  0.36566811035463254      ,  0.63979156500596190     
  0.72414470843040446      ,  0.36983438519586609      ,  0.63643742968306993     
  0.72142877618469470      ,  0.37400094337165229      ,  0.63309815128803359     
  0.71872081980846170      ,  0.37816777786421785      ,  0.62977368189969396     
  0.71602082690317015      ,  0.38233488192621568      ,  0.62646397342897009     
  0.71332878487277118      ,  0.38650224906707109      ,  0.62316897763512313     
  0.71064468093481559      ,  0.39066987304014178      ,  0.61988864614102712     
  0.70796850213088558      ,  0.39483774783063308      ,  0.61662293044752092     
  0.70530023533639363      ,  0.39900586764420326      ,  0.61337178194691500     
  0.70263986726978245      ,  0.40317422689622129      ,  0.61013515193570278     
  0.69998738450118769      ,  0.40734282020161872      ,  0.60691299162654000     
  0.69734277346059215      ,  0.41151164236529780      ,  0.60370525215953830     
  0.69470602044553065      ,  0.41568068837305822      ,  0.60051188461292093     
  0.69207711162836694      ,  0.41984995338300757      ,  0.59733284001308151     
  0.68945603306318604      ,  0.42401943271742315      ,  0.59416806934408417     
  0.68684277069232280      ,  0.42818912185503721      ,  0.59101752355663917     
  0.68423731035255664      ,  0.43235901642371827      ,  0.58788115357658788     
  0.68163963778098258      ,  0.43652911219352653      ,  0.58475891031292626     
  0.67904973862059070      ,  0.44069940507011801      ,  0.58165074466539446     
  0.67646759842555770      ,  0.44486989108847691      ,  0.57855660753165949     
  0.67389320266628427      ,  0.44904056640695672      ,  0.57547644981411417     
  0.67132653673418941      ,  0.45321142730161557      ,  0.57241022242631479     
  0.66876758594628716      ,  0.45738247016081962      ,  0.56935787629908041     
  0.66621633554955750      ,  0.46155369148010733      ,  0.56631936238627334     
  0.66367277072512765      ,  0.46572508785729105      ,  0.56329463167027760     
  0.66113687659226983      ,  0.46989665598778785      ,  0.56028363516719548     
  0.65860863821222060      ,  0.47406839266016126      ,  0.55728632393177646     
  0.65608804059182768      ,  0.47824029475186214      ,  0.55430264906209681     
  0.65357506868701776      ,  0.48241235922515652      ,  0.55133256170400236     
  0.65106970740609538      ,  0.48658458312322722      ,  0.54837601305532946     
  0.64857194161287113      ,  0.49075696356644133      ,  0.54543295436991568     
  0.64608175612962759      ,  0.49492949774876538      ,  0.54250333696141695     
  0.64359913573993666      ,  0.49910218293432507      ,  0.53958711220693789     
  0.64112406519133214      ,  0.50327501645409956      ,  0.53668423155048972     
  0.63865652919785731      ,  0.50744799570273524      ,  0.53379464650628472     
  0.63619651244250142      ,  0.51162111813547417      ,  0.53091830866187861     
  0.63374399957953242      ,  0.51579438126518717      ,  0.52805516968116895     
  0.63129897523673884      ,  0.51996778265950772      ,  0.52520518130725791     
  0.62886142401759493      ,  0.52414131993804602      ,  0.52236829536519247     
  0.62643133050334621      ,  0.52831499076969346      ,  0.51954446376458197     
  0.62400867925503201      ,  0.53248879286998996      ,  0.51673363850211040     
  0.62159345481543482      ,  0.53666272399856585      ,  0.51393577166394133     
  0.61918564171096924      ,  0.54083678195663609      ,  0.51115081542802909     
  0.61678522445351258      ,  0.54501096458454368      ,  0.50837872206634349     
  0.61439218754218516      ,  0.54918526975935067      ,  0.50561944394700797     
  0.61200651546508933      ,  0.55335969539245822      ,  0.50287293353636631     
  0.60962819270101587      ,  0.55753423942726166      ,  0.50013914340097632     
  0.60725720372113368      ,  0.56170889983681671      ,  0.49741802620954451     
  0.60489353299066362      ,  0.56588367462152533      ,  0.49470953473480062     
  0.60253716497054544      ,  0.57005856180682202      ,  0.49201362185532110     
  0.60018808411909486      ,  0.57423355944085197      ,  0.48933024055731111     
  0.59784627489365572      ,  0.57840866559214310      ,  0.48665934393634414     
  0.59551172175223710      ,  0.58258387834724268      ,  0.48400088519907286     
  0.59318440915513271      ,  0.58675919580833280      ,  0.48135481766491145     
  0.59086432156652757      ,  0.59093461609079245      ,  0.47872109476770075     
  0.58855144345608812      ,  0.59511013732070361      ,  0.47609967005736298     
  0.58624575930054390      ,  0.59928575763229297      ,  0.47349049720155001     
  0.58394725358526423      ,  0.60346147516528448      ,  0.47089352998729772     
  0.58165591080584367      ,  0.60763728806215711      ,  0.46830872232268950     
  0.57937171546970878      ,  0.61181319446528992      ,  0.46573602823854321     
  0.57709465209776056      ,  0.61598919251397100      ,  0.46317540189012663     
  0.57482470522606344      ,  0.62016528034125729      ,  0.46062679755891517     
  0.57256185940760029      ,  0.62434145607066382      ,  0.45809016965439514     
  0.57030609921409958      ,  0.62851771781265287      ,  0.45556547271593356     
  0.56805740923795567      ,  0.63269406366090186      ,  0.45305266141472128     
  0.56581577409425543      ,  0.63687049168831722      ,  0.45055169055580480     
  0.56358117842291411      ,  0.64104699994277003      ,  0.44806251508021999     
  0.56135360689094671      ,  0.64522358644250566      ,  0.44558509006724617     
  0.55913304419488397      ,  0.64940024917119710      ,  0.44311937073680063     
  0.55691947506335626      ,  0.65357698607259174      ,  0.44066531245198748     
  0.55471288425986442      ,  0.65775379504470211      ,  0.43822287072183258     
  0.55251325658577000      ,  0.66193067393348348      ,  0.43579200120422051     
  0.55032057688353031      ,  0.66610762052593975      ,  0.43337265970906891     
  0.54813483004021324      ,  0.67028463254257775      ,  0.43096480220176719     
  0.54595600099133645      ,  0.67446170762913149      ,  0.42856838480691911     
  0.54378407472506485      ,  0.67863884334746749      ,  0.42618336381242533     
  0.54161903628681085      ,  0.68281603716556993      ,  0.42380969567395194     
  0.53946087078429183      ,  0.68699328644647151      ,  0.42144733701984094     
  0.53730956339309655      ,  0.69117058843601531      ,  0.41909624465651296     
  0.53516509936281764      ,  0.69534794024928459      ,  0.41675637557443135     
  0.53302746402382739      ,  0.69952533885552837      ,  0.41442768695470500     
  0.53089664279477267      ,  0.70370278106137740      ,  0.41211013617641079     
  0.52877262119088719      ,  0.70788026349212974      ,  0.40980368082473884     
  0.52665538483322116      ,  0.71205778257084562      ,  0.40750827870005979     
  0.52454491945893744      ,  0.71623533449493038      ,  0.40522388782806446     
  0.52244121093279750      ,  0.72041291520988959      ,  0.40295046647109728     
  0.52034424526002332      ,  0.72459052037982696      ,  0.40068797314087057     
  0.51825400860073689      ,  0.72876814535423451      ,  0.39843636661275289     
  0.51617048728620041      ,  0.73294578513053388      ,  0.39619560594185305     
  0.51409366783712085      ,  0.73712343431175398      ,  0.39396565048116111     
  0.51202353698435299      ,  0.74130108705859266      ,  0.39174645990206602     
  0.50996008169233775      ,  0.74547873703503531      ,  0.38953799421758994     
  0.50790328918570815      ,  0.74965637734653734      ,  0.38734021380876138     
  0.50585314697956596      ,  0.75383400046958293      ,  0.38515307945462179     
  0.50380964291398844      ,  0.75801159817127217      ,  0.38297655236642475     
  0.50177276519347314      ,  0.76218916141729764      ,  0.38081059422672120     
  0.49974250243209528      ,  0.76636668026642418      ,  0.37865516723410841     
  0.49771884370535324      ,  0.77054414374917590      ,  0.37651023415460111     
  0.49570177860982939      ,  0.77472153972804503      ,  0.37437575838074405     
  0.49369129733202033      ,  0.77889885473599685      ,  0.37225170399980229     
  0.49168739072795459      ,  0.78307607378942068      ,  0.37013803587262872     
  0.48969005041554947      ,  0.78725318017088886      ,  0.36803471972513313     
  0.48769926888205123      ,  0.79143015517613757      ,  0.36594172225465726     
  0.48571503960939627      ,  0.79560697781852485      ,  0.36385901125405734     
  0.48373735722092281      ,  0.79978362448275975      ,  0.36178655575687174     
  0.48176621765363292      ,  0.80396006851791668      ,  0.35972432620770195     
  0.47980161836110635      ,  0.80813627975749691      ,  0.35767229466284811     
  0.47784355855336402      ,  0.81231222395154079      ,  0.35563043502737418     
  0.47589203948139630      ,  0.81648786209222124      ,  0.35359872333623654     
  0.47394706477598736      ,  0.82066314960999032      ,  0.35157713808890323     
  0.47200864085266403      ,  0.82483803541164713      ,  0.34956566064920019     
  0.47007677739786541      ,  0.82901246072458246      ,  0.34756427572505000     
  0.46815148795470407      ,  0.83318635770223504      ,  0.34557297194649900     
  0.46623279063260153      ,  0.83735964773393723      ,  0.34359174256527897     
  0.46432070896962946      ,  0.84153223938703603      ,  0.34162058630534847     
  0.46241527298787710      ,  0.84570402588915927      ,  0.33965950840200515     
  0.46051652048732966      ,  0.84987488203241290      ,  0.33770852187771405     
  0.45862449864786858      ,  0.85404466034680160      ,  0.33576764911681134     
  0.45673926601064646      ,  0.85821318634472377      ,  0.33383692381953234     
  0.45486089496458654      ,  0.86238025257758399      ,  0.33191639344052232     
  0.45298947484714719      ,  0.86654561116474349      ,  0.33000612224929954     
  0.45112511589736981      ,  0.87070896434533995      ,  0.32810619519471468     
  0.44926795422100602      ,  0.87486995245723287      ,  0.32621672281345987     
  0.44741815823514530      ,  0.87902813854551387      ,  0.32433784750471562     
  0.44557593681165403      ,  0.88318298853539068      ,  0.32246975159808122     
  0.44374155004753690      ,  0.88733384552742234      ,  0.32061266779504610     
  0.44191532295903901      ,  0.89147989628623803      ,  0.31876689275304626     
  0.44009766386253207      ,  0.89562012728994145      ,  0.31693280486599318     
  0.43828908800548361      ,  0.89975326685842982      ,  0.31511088761997574     
  0.43649024924289131      ,  0.90387770860991212      ,  0.31330176040878349     
  0.43470198187944803      ,  0.90799141022029006      ,  0.31150621917440469     
  0.43292535431224011      ,  0.91209175946915400      ,  0.30972528999357157     
  0.43116174470474777      ,  0.91617539866533648      ,  0.30796029905621336     
  0.42941292430144434      ,  0.92023799695927389      ,  0.30621296288820238     
  0.42768119459083725      ,  0.92427396485884472      ,  0.30448550084587622     
  0.42596948039366112      ,  0.92827611184151781      ,  0.30278076832446094     
  0.42428156613647661      ,  0.93223528046608617      ,  0.30110239706430858     
  0.42262204205122750      ,  0.93614003044401750      ,  0.29945490968779565     
  0.42099666089502480      ,  0.93997654529361097      ,  0.29784374112699891     
  0.41941160096948554      ,  0.94372893222155074      ,  0.29627509267315805     
  0.41787427334892591      ,  0.94737975925715412      ,  0.29475570027859199     
  0.41639229175011122      ,  0.95090837118701643      ,  0.29329351771597401     
  0.41498233775214133      ,  0.95427605072166788      ,  0.29190381455402542     
  0.41369436792053488      ,  0.95735875841485296      ,  0.29063662388731437     
  0.41271475951941700      ,  0.95970826283403132      ,  0.28967388287397816     
  0.41264008394802237      ,  0.95989100954372664      ,  0.28959927032887517     
  0.41479631371242476      ,  0.95472390547405306      ,  0.29172177156677193     
  0.42026566023229295      ,  0.94177563821158428      ,  0.29709777574474389     
  0.42805978529257876      ,  0.92336314595953517      ,  0.30487649782321657     
  0.43320656966006121      ,  0.91157021206398237      ,  0.30995942635705909     
  0.42501144928549933      ,  0.93038445915418866      ,  0.30188744594890382     
  0.41600739639330531      ,  0.95235374034309606      ,  0.29274234636082375     
  0.43426238991616717      ,  0.90875115015995001      ,  0.31116061639800990     
  0.43057219950520043      ,  0.91804757278381932      ,  0.30721665378214413     
  0.40028528779706224      ,  0.99176469350044627      ,  0.27717277437191101     
  0.46926141765407131      ,  0.83848059585027590      ,  0.34443909966726011     
  0.36804651062662974      ,   1.0841772512506256      ,  0.24368267296399487     
  0.48872344023958947      ,  0.80105034023884913      ,  0.36331449293830059     
  0.36836926971484169      ,   1.0822446420210450      ,  0.24414347186450230     
  0.47227067772318387      ,  0.82988192203085642      ,  0.34808017400154018     
  0.39207086461349450      ,   1.0136638200000117      ,  0.26866579962885495     
  0.44829850228682655      ,  0.87824548875250841      ,  0.32486577021461616     
  0.41263795216121291      ,  0.96035513057333666      ,  0.28946493361077491     
  0.43372917997082228      ,  0.91035474668555705      ,  0.31049508445577684     
  0.42244232838330176      ,  0.93658819556872874      ,  0.29926986553265328     
  0.42809757460130338      ,  0.92329942362895490      ,  0.30490205820629135     
  0.42550702049255912      ,  0.92935030088750759      ,  0.30232408547237405     
  0.42662449504207367      ,  0.92673205006259840      ,  0.30343681596357996     
  0.42617951555281369      ,  0.92777268857598938      ,  0.30299404327142776     
  0.42635259359623134      ,  0.92736737631920230      ,  0.30316640368165348     
  0.42629439715916650      ,  0.92750361319653951      ,  0.30310843908802365     
  0.42631409827393396      ,  0.92745770094796909      ,  0.30312794390393238     
  0.42631171938189499      ,  0.92746353099325918      ,  0.30312543484136029     
  0.42631543157807239      ,  0.92745510549004251      ,  0.30312899486455064     
  0.42631145018588473      ,  0.92746464950327556      ,  0.30312492859755985     
  0.42631519515627841      ,  0.92745604925218250      ,  0.30312859378558954     
  0.42631578597895431      ,  0.92745474768226099      ,  0.30312914817742481     
  0.42631030534360459      ,  0.92746758041241362      ,  0.30312366062560847     
  0.42631409441592327      ,  0.92745871181892847      ,  0.30312736562817610     
  0.42631260201809917      ,  0.92746231623328335      ,  0.30312574254760566     
  0.42630709539688655      ,  0.92747553895238533      ,  0.30312003396962689     
  0.42631175583671732      ,  0.92746522363692219      ,  0.30312436615112692     
  0.42630881692551742      ,  0.92747287412496127      ,  0.30312109311816132     
  0.42630580577469157      ,  0.92748071598089377      ,  0.30311776674036478     
  0.42631076586855732      ,  0.92746974882325273      ,  0.30312245337867066     
  0.42630666063465827      ,  0.92747971573440779      ,  0.30311823567136509     
  0.42630506482411334      ,  0.92748348077573484      ,  0.30311664869813487     
  0.42630800310773548      ,  0.92747634061795214      ,  0.30311969208105410     
  0.42630402635565251      ,  0.92748518068171493      ,  0.30311593310381002     
  0.42630396113508096      ,  0.92748476765762056      ,  0.30311610753488250     
  0.42630600153745968      ,  0.92747940954151864      ,  0.30311838489533199     
  0.42630266675577339      ,  0.92748664663817859      ,  0.30311530486608390     
  0.42630287138808559      ,  0.92748559098107797      ,  0.30311575121090933     
  0.42630525759945165      ,  0.92747934943828891      ,  0.30311840271976004     
  0.42630323011679383      ,  0.92748326183843921      ,  0.30311673694604280     
  0.42630236259431137      ,  0.92748419045296582      ,  0.30311634534248233     
  0.42630492472613363      ,  0.92747675998867807      ,  0.30311951736380172     
  0.42630381755070801      ,  0.92747757341949655      ,  0.30311919175449753     
  0.42630165247650104      ,  0.92748056746531304      ,  0.30311794405176135     
  0.42630431835995725      ,  0.92747205705889768      ,  0.30312158836119668     
  0.42630323591942493      ,  0.92747224044602616      ,  0.30312152640356327     
  0.42630061616513415      ,  0.92747605020256529      ,  0.30311990893211022     
  0.42630385064626763      ,  0.92746625386709858      ,  0.30312406607012354     
  0.42630242895946396      ,  0.92746746208920439      ,  0.30312353606324116     
  0.42630074504678556      ,  0.92746934851534357      ,  0.30312272052507772     
  0.42630465250238014      ,  0.92745813455919313      ,  0.30312748932669553     
  0.42630266239144238      ,  0.92746062860359113      ,  0.30312644559492397     
  0.42630215205415606      ,  0.92745951519517034      ,  0.30312695458873795     
  0.42630526844543049      ,  0.92744977023385067      ,  0.30313114877318692     
  0.42630225013418077      ,  0.92745429031217708      ,  0.30312928257918115     
  0.42630210447250400      ,  0.92745208359243148      ,  0.30313027902661549     
  0.42630367987187379      ,  0.92744596018635661      ,  0.30313294009745695     
  0.42630090506566742      ,  0.92745024328752579      ,  0.30313117320382993     
  0.42630149433583209      ,  0.92744694268811922      ,  0.30313263021697062     
  0.42630244750785112      ,  0.92744305665991700      ,  0.30313433242125848     
  0.42629975742016063      ,  0.92744786618196862      ,  0.30313232825042913     
  0.42629990845584170      ,  0.92744609280231072      ,  0.30313311298801837     
  0.42630100892670963      ,  0.92744211399844334      ,  0.30313482537456710     
  0.42629857123319581      ,  0.92744641147741524      ,  0.30313301305733853     
  0.42629749672625622      ,  0.92744746017537105      ,  0.30313258715685049     
  0.42629853307945320      ,  0.92744344823584213      ,  0.30313432538341589     
  0.42629611690744140      ,  0.92744745799739581      ,  0.30313266358586244     
  0.42629408476170871      ,  0.92745076224342060      ,  0.30313130588877774     
  0.42629524461716400      ,  0.92744705588723231      ,  0.30313292087569993     
  0.42629302459976348      ,  0.92745169174373221      ,  0.30313096580436760     
  0.42629140109659081      ,  0.92745498068104137      ,  0.30312955552723275     
  0.42629317278603679      ,  0.92745003757699263      ,  0.30313162106256036     
  0.42629116711937526      ,  0.92745384192843061      ,  0.30312995030202788     
  0.42629079933350789      ,  0.92745432807072770      ,  0.30312968808545027     
  0.42629314061449136      ,  0.92744922728234958      ,  0.30313181034669018     
  0.42629092078337860      ,  0.92745482572933835      ,  0.30312939587257798     
  0.42629051179450650      ,  0.92745507251059411      ,  0.30312927192767014     
  0.42629121935928921      ,  0.92745148438293967      ,  0.30313078952143491     
  0.42628853149291768      ,  0.92745619573860738      ,  0.30312878189589987     
  0.42628949902152025      ,  0.92745457408951826      ,  0.30312946738127339     
  0.42629117098736646      ,  0.92745331914644258      ,  0.30312999200481028     
  0.42628988534740953      ,  0.92745817180081036      ,  0.30312791059330557     
  0.42629031634798326      ,  0.92745546806416024      ,  0.30312903226452670     
  0.42628909833109974      ,  0.92745410724539490      ,  0.30312957000930496     
  0.42628632121791832      ,  0.92745875141998579      ,  0.30312754043789969     
  0.42628886131869181      ,  0.92745714616864738      ,  0.30312815729759857     
  0.42629320764364848      ,  0.92745490076161163      ,  0.30312903838377675     
  0.42629292437667338      ,  0.92745879014931121      ,  0.30312730685423039     
  0.42628981945080896      ,  0.92745883327709822      ,  0.30312721224386807     
  0.42628543443966260      ,  0.92745630346846797      ,  0.30312821480589219     
  0.42628185350996528      ,  0.92745981831701252      ,  0.30312664747512047     
  0.42628666990962832      ,  0.92746057019853045      ,  0.30312625139166449     
  0.42629704130930868      ,  0.92745735897056414      ,  0.30312753036295303     
  0.42629968706619281      ,  0.92745996210845050      ,  0.30312632001894751     
  0.42629225023329592      ,  0.92745928639649744      ,  0.30312648550866150     
  0.42627963977628347      ,  0.92745499018233868      ,  0.30312817387212648     
  0.42627156769562663      ,  0.92745720564164347      ,  0.30312708079904227     
  0.42628312324945850      ,  0.92745550421035461      ,  0.30312764875032427     
  0.42630773912424652      ,  0.92745200868160138      ,  0.30312898117603049     
  0.42632083460612119      ,  0.92745508106783914      ,  0.30312752585138436     
  0.42630877021869990      ,  0.92745317149838502      ,  0.30312819768870747     
  0.42627396180402993      ,  0.92745081576240340      ,  0.30312906824074776     
  0.42624393328697530      ,  0.92745319277777294      ,  0.30312793470135990     
  0.42625493014582982      ,  0.92745045138520354      ,  0.30312898618525375     
  0.42630628930461673      ,  0.92744974898305399      ,  0.30312917635496417     
  0.42635919964183316      ,  0.92745239462920093      ,  0.30312794434204626     
  0.42636491446824554      ,  0.92744925886048291      ,  0.30312916775253340     
  0.42630022138743823      ,  0.92744843886753692      ,  0.30312939693562130     
  0.42620568096394362      ,  0.92745133642005018      ,  0.30312803235962593     
  0.42616457289935677      ,  0.92744927982934477      ,  0.30312876351477203     
  0.42622845569500201      ,  0.92744804535812686      ,  0.30312913877949427     
  0.42636810763065047      ,  0.92745109230810208      ,  0.30312769535867501     
  0.42648154997569304      ,  0.92745060582694161      ,  0.30312776417832243     
  0.42645887120070131      ,  0.92744945628424480      ,  0.30312812866550815     
  0.42628031682340101      ,  0.92745221469886852      ,  0.30312684184155736     
  0.42605938717071062      ,  0.92745124519379318      ,  0.30312714556393305     
  0.42597044943543849      ,  0.92744832628393303      ,  0.30312827315310847     
  0.42612025927675318      ,  0.92744925233822395      ,  0.30312775295574940     
  0.42645080909490968      ,  0.92744731887507159      ,  0.30312843079329499     
  0.42674131654900016      ,  0.92744543491686715      ,  0.30312907081949220     
  0.42675094884010650      ,  0.92744800470392819      ,  0.30312780343945733     
  0.42640639192891916      ,  0.92744631982752412      ,  0.30312834260615823     
  0.42588284981820540      ,  0.92744421737942240      ,  0.30312906391464312     
  0.42552784723847498      ,  0.92744593388683227      ,  0.30312817286841570     
  0.42564342447783732      ,  0.92744449497217341      ,  0.30312863924739386     
  0.42625146304010586      ,  0.92744437933720758      ,  0.30312856106333896     
  0.42703252768108535      ,  0.92744588384769233      ,  0.30312781157211144     
  0.42748589852006069      ,  0.92744343391930895      ,  0.30312875936884898     
  0.42723103027366655      ,  0.92744410498816066      ,  0.30312838951383492     
  0.42628924898509296      ,  0.92744632932815030      ,  0.30312736184826983     
  0.42513427718376456      ,  0.92744399533577537      ,  0.30312827475292520     
  0.42445623529099524      ,  0.92744433863546982      ,  0.30312804401755111     
  0.42477208246105080      ,  0.92744700962416815      ,  0.30312682131157720     
  0.42608276680597806      ,  0.92744582702321654      ,  0.30312722943282955     
  0.42779177253743894      ,  0.92744595191797008      ,  0.30312708147975509     
  0.42897592230633247      ,  0.92744854090360596      ,  0.30312588813370195     
  0.42886889144768348      ,  0.92744772014371091      ,  0.30312615625521849     
  0.42730236053911369      ,  0.92744684235982422      ,  0.30312646123461362     
  0.42487593615907282      ,  0.92744817049599693      ,  0.30312583379224833     
  0.42273240644228638      ,  0.92744654741896082      ,  0.30312646739981525     
  0.42202267038042079      ,  0.92744507742237137      ,  0.30312703248108452     
  0.42333015339668717      ,  0.92744619514982707      ,  0.30312649894995225     
  0.42632874533187509      ,  0.92744467196739155      ,  0.30312707520733256     
  0.42984374125571156      ,  0.92744389221933821      ,  0.30312732762841443     
  0.43232347268562105      ,  0.92744549174736279      ,  0.30312655777288100     
  0.43250898191640003      ,  0.92744405014482334      ,  0.30312708382068676     
  0.43000299915248097      ,  0.92744342527976875      ,  0.30312726366997012     
  0.42550856755123434      ,  0.92744446090275290      ,  0.30312673618676356     
  0.42061580166033080      ,  0.92744317373661367      ,  0.30312721030379308     
  0.41721834114416190      ,  0.92744373094528143      ,  0.30312691333039554     
  0.41680414764617563      ,  0.92744459053263462      ,  0.30312650866518864     
  0.41987713740265720      ,  0.92744274035905783      ,  0.30312725538252544     
  0.42572676802135434      ,  0.92744376137726403      ,  0.30312680465500219     
  0.43263420757198190      ,  0.92744521548965408      ,  0.30312617943860087     
  0.43841352888771784      ,  0.92744368147741663      ,  0.30312682995454376     
  0.44110097204711635      ,  0.92744476306362322      ,  0.30312635728669818     
  0.43957532011195216      ,  0.92744686911876373      ,  0.30312542962754674     
  0.43390008383628786      ,  0.92744622432546109      ,  0.30312568909695331     
  0.42530784346873263      ,  0.92744689277189563      ,  0.30312538557252205     
  0.41586672065572461      ,  0.92744806481256181      ,  0.30312487095703577     
  0.40793212434891168      ,  0.92744605538559299      ,  0.30312571036014446     
  0.40355311390391424      ,  0.92744455652534097      ,  0.30312634038813829     
  0.40399975458633153      ,  0.92744467670774700      ,  0.30312631398290635     
  0.40950594213871483      ,  0.92744345099797110      ,  0.30312685607923423     
  0.41926196412490530      ,  0.92744355989886129      ,  0.30312684742864160     
  0.43163618335792436      ,  0.92744470142582780      ,  0.30312641134264723     
  0.44453737396780013      ,  0.92744304014233026      ,  0.30312715873152674     
  0.45581630917772714      ,  0.92744230457247578      ,  0.30312750010975797     
  0.46363274815177763      ,  0.92744332354831927      ,  0.30312705790203531     
  0.46671157978405903      ,  0.92744274311073005      ,  0.30312730498407714     
  0.46445785096078457      ,  0.92744280565365700      ,  0.30312725776795879     
  0.45695045997490780      ,  0.92744282693287750      ,  0.30312722017504579     
  0.44482827418848853      ,  0.92744200563802837      ,  0.30312756531216406     
  0.42911553431281640      ,  0.92744325591166266      ,  0.30312701332594505     
  0.41103404912988245      ,  0.92744348472867710      ,  0.30312690845153006     
  0.39182239811950226      ,  0.92744228131650053      ,  0.30312742507185347     
  0.37259761345054898      ,  0.92744392903738337      ,  0.30312677780104758     
  0.35426978449610524      ,  0.92744525128339317      ,  0.30312627485417576     
  0.33749678859882049      ,  0.92744434432560219      ,  0.30312665658010607     
  0.32268213186456407      ,  0.92744535889761337      ,  0.30312630641025828     
  0.31000604273894239      ,  0.92744710602293212      ,  0.30312568826695602     
  0.29946839235106065      ,  0.92744629930141953      ,  0.30312600545683299     
  0.29093711532197980      ,  0.92744546198219457      ,  0.30312632747287371     
  0.28419839581258521      ,  0.92744620869109018      ,  0.30312608641944561     
  0.27899860098389689      ,  0.92744567960388602      ,  0.30312629037648064     
  0.27507437105885946      ,  0.92744397381607435      ,  0.30312689982866875     
  0.27217485520467544      ,  0.92744406537789459      ,  0.30312689480116711     
  0.27007668661333190      ,  0.92744452748807760      ,  0.30312676797784732     
  0.26858956359243469      ,  0.92744313022567193      ,  0.30312727579899468     
  0.26755637635810325      ,  0.92744269590275719      ,  0.30312746146554564     
  0.26685277634002852      ,  0.92744407009164354      ,  0.30312704017797515     
  0.26638387155700183      ,  0.92744368344995942      ,  0.30312721298629408     
  0.26607775130599381      ,  0.92744249311703930      ,  0.30312765490324622     
  0.26588140442120228      ,  0.92744333034678872      ,  0.30312741223401513     
  0.26575800892707468      ,  0.92744346294347557      ,  0.30312740159668761     
  0.26568165338014593      ,  0.92744225530051527      ,  0.30312783507670132     
  0.26563390328847680      ,  0.92744330892573246      ,  0.30312750254834825     
  0.26560355852876916      ,  0.92744448340478991      ,  0.30312712275295145     
  0.26558386000066730      ,  0.92744270950466090      ,  0.30312772666314658     
  0.26556943770780977      ,  0.92744220918529297      ,  0.30312789783659505     
  0.26555745438158967      ,  0.92744446515050660      ,  0.30312713993236839     
  0.26554768971511405      ,  0.92744457154975102      ,  0.30312710152446531     
  0.26553963672721231      ,  0.92744281657453453      ,  0.30312768755001973     
  0.26553236174106037      ,  0.92744380096863432      ,  0.30312735519581741     
  0.26552645317962931      ,  0.92744602550938748      ,  0.30312660918364720     
  0.26552303608345063      ,  0.92744568822135587      ,  0.30312672686296382     
  0.26552180843449763      ,  0.92744533773980065      ,  0.30312685330901867     
  0.26552222354905053      ,  0.92744779464789839      ,  0.30312604180198366     
  0.26552493861408338      ,  0.92744910753650167      ,  0.30312561832053031     
  0.26552998240000686      ,  0.92744741468187020      ,  0.30312620691532999     
  0.26553593426327043      ,  0.92744716837608343      ,  0.30312631183729577     
  0.26554238407075759      ,  0.92744778028361685      ,  0.30312612930151728     
  0.26554968212306979      ,  0.92744511722095879      ,  0.30312704566165283     
  0.26555650971252287      ,  0.92744329518606039      ,  0.30312767847696892     
  0.26556185210248223      ,  0.92744546328719846      ,  0.30312697039494579     
  0.26556672658959823      ,  0.92744571590208924      ,  0.30312690436022238     
  0.26557111294154367      ,  0.92744376091820258      ,  0.30312757939100754     
  0.26557400300492129      ,  0.92744459110079225      ,  0.30312732064573433     
  0.26557624331369867      ,  0.92744469694795539      ,  0.30312730763642426     
  0.26557833620690757      ,  0.92744219939480410      ,  0.30312817228552985     
  0.26557905819261757      ,  0.92744317810215637      ,  0.30312787413393183     
  0.26557879256087136      ,  0.92744577897428615      ,  0.30312703552135112     
  0.26557882681619216      ,  0.92744374216981484      ,  0.30312775714131640     
  0.26557822017774918      ,  0.92744156997796412      ,  0.30312852601225848     
  0.26557603609337943      ,  0.92744406727903561      ,  0.30312772711547004     
  0.26557359432914268      ,  0.92744562774853634      ,  0.30312724048228906     
  0.26557174739470280      ,  0.92744309875741593      ,  0.30312812250740573     
  0.26556945380309210      ,  0.92744246889087179      ,  0.30312836113651542     
  0.26556659721457870      ,  0.92744537482602374      ,  0.30312740588973108     
  0.26556474764447685      ,  0.92744538160813128      ,  0.30312741668661219     
  0.26556397594500603      ,  0.92744296876048515      ,  0.30312823283087309     
  0.26556294112050099      ,  0.92744488168256656      ,  0.30312759069925233     
  0.26556233143416164      ,  0.92744758711161757      ,  0.30312667773409790     
  0.26556313796362480      ,  0.92744553738170932      ,  0.30312735787168815     
  0.26556368492844751      ,  0.92744559914815339      ,  0.30312732756476679     
  0.26556342851442050      ,  0.92744938617138006      ,  0.30312604662009807     
  0.26556411891133519      ,  0.92744804989529173      ,  0.30312648690655675     
  0.26556497345390073      ,  0.92744532128114565      ,  0.30312739695616581     
  0.26556462144908649      ,  0.92744807593241374      ,  0.30312646924281439     
  0.26556487301127762      ,  0.92744814472089177      ,  0.30312644648029807     
  0.26556607789040393      ,  0.92744425574699452      ,  0.30312775554928451     
  0.26556640235291379      ,  0.92744544973403042      ,  0.30312736097375637     
  0.26556687238073146      ,  0.92744706042310876      ,  0.30312682859387768     
  0.26556867859736288      ,  0.92744344362010600      ,  0.30312805243362118     
  0.26557002241565930      ,  0.92744283549116202      ,  0.30312826675530058     
  0.26557050093539103      ,  0.92744641503272107      ,  0.30312707509356068     
  0.26557174999799360      ,  0.92744539036486084      ,  0.30312742852974439     
  0.26557320919133248      ,  0.92744150465346720      ,  0.30312874165962511     
  0.26557306539315595      ,  0.92744293752169749      ,  0.30312826849721908     
  0.26557208618278894      ,  0.92744627983761541      ,  0.30312715372339710     
  0.26557206459377852      ,  0.92744383893015658      ,  0.30312798012892977     
  0.26557210806099668      ,  0.92744092314784499      ,  0.30312896584934729     
  0.26557092568389873      ,  0.92744451927071780      ,  0.30312776540041614     
  0.26557038545587580      ,  0.92744613115769514      ,  0.30312723091585592     
  0.26557138042674083      ,  0.92744151772654093      ,  0.30312878581438185     
  0.26557139544573155      ,  0.92744246113772899      ,  0.30312847413361071     
  0.26557076014660569      ,  0.92744707853692576      ,  0.30312692731726615     
  0.26557186630813656      ,  0.92744347027070417      ,  0.30312813956034945     
  0.26557251257142966      ,  0.92744136698597013      ,  0.30312884359916326     
  0.26557118750126496      ,  0.92744720746536968      ,  0.30312687744194011     
  0.26557085271641484      ,  0.92744656178713647      ,  0.30312708519986775     
  0.26557089280342694      ,  0.92744276686945171      ,  0.30312834662072508     
  0.26556893684858085      ,  0.92744816592470669      ,  0.30312651807648450     
  0.26556769122395540      ,  0.92745109822465022      ,  0.30312551443612024     
  0.26556838663356724      ,  0.92744652760860746      ,  0.30312702660200286     
  0.26556837183497450      ,  0.92744720810502312      ,  0.30312677310509928     
  0.26556826489980917      ,  0.92744975691049025      ,  0.30312588970332977     
  0.26556983118165500      ,  0.92744511288674014      ,  0.30312741837327406     
  0.26557109711754956      ,  0.92744209362074603      ,  0.30312839902164590     
  0.26557069867536148      ,  0.92744674442154373      ,  0.30312680227038147     
  0.26557075757159349      ,  0.92744851447378018      ,  0.30312617039198458     
  0.26557217732325228      ,  0.92744257778214512      ,  0.30312812395174299     
  0.26557240978509589      ,  0.92744065063738546      ,  0.30312873031563276     
  0.26557063815136495      ,  0.92744670010314445      ,  0.30312665860069854     
  0.26557009379937724      ,  0.92744616507058542      ,  0.30312679834050299     
  0.26557105718133017      ,  0.92743905221154954      ,  0.30312914870588858     
  0.26557014861883033      ,  0.92744262561097701      ,  0.30312791552076146     
  0.26556931366380288      ,  0.92744797434453852      ,  0.30312609196973173     
  0.26557149818056203      ,  0.92744048885812691      ,  0.30312858424117151     
  0.26557243225797772      ,  0.92743940808673142      ,  0.30312893497913707     
  0.26557122452475268      ,  0.92744795403474045      ,  0.30312606342419035     
  0.26557255237854954      ,  0.92744321480671166      ,  0.30312766163552401     
  0.26557368848396112      ,  0.92743794604181107      ,  0.30312944678449560     
  0.26557166080761579      ,  0.92744642368257191      ,  0.30312662462839901     
  0.26557125645818674      ,  0.92744615927877849      ,  0.30312674225473429     
  0.26557217144210565      ,  0.92743892877687051      ,  0.30312920000696736     
  0.26557043588679774      ,  0.92744409742841416      ,  0.30312749273582223     
  0.26556893717447905      ,  0.92744873937596184      ,  0.30312595577660745     
  0.26556991288281501      ,  0.92744330013281406      ,  0.30312779312529958     
  0.26557020065448206      ,  0.92744353905409294      ,  0.30312771178852294     
  0.26556959326535545      ,  0.92745001807323046      ,  0.30312552241655111     
  0.26557070206403072      ,  0.92744877818585791      ,  0.30312591260762828     
  0.26557249405598865      ,  0.92744300707774929      ,  0.30312781591846966     
  0.26557213102809457      ,  0.92744545511054477      ,  0.30312695772887521     
  0.26557063885058568      ,  0.92745167455378463      ,  0.30312483868336204     
  0.26557144357890394      ,  0.92744621107810854      ,  0.30312665531631450     
  0.26557266548108227      ,  0.92743858884100749      ,  0.30312921842622320     
  0.26557046845705506      ,  0.92744713190092265      ,  0.30312638316842416     
  0.26556923163549173      ,  0.92745107750871481      ,  0.30312512415466747     
  0.26557163433026848      ,  0.92743831496432205      ,  0.30312950788262782     
  0.26557104988542385      ,  0.92744124713421550      ,  0.30312865310249915     
  0.26556911255785881      ,  0.92745279773625389      ,  0.30312492805145480     
  0.26557237416927226      ,  0.92744164931674944      ,  0.30312883532746371     
  0.26557426473430723      ,  0.92743770003052250      ,  0.30313032424759251     
  0.26557218390150772      ,  0.92745163530596442      ,  0.30312579313647059     
  0.26557363142695695      ,  0.92744612067383048      ,  0.30312776255689561     
  0.26557518884602088      ,  0.92743696509295737      ,  0.30313091545258208     
  0.26557221460099939      ,  0.92744779272634237      ,  0.30312731610256183     
  0.26557108403782070      ,  0.92744954590184281      ,  0.30312672168310384     
  0.26557273793226482      ,  0.92743915387043208      ,  0.30313017346376542     
  0.26557174537048278      ,  0.92744284647977471      ,  0.30312888411097577     
  0.26557013255506495      ,  0.92744973614399651      ,  0.30312653090854835     
  0.26557144217622558      ,  0.92744423641738050      ,  0.30312836824431089     
  0.26557272606945753      ,  0.92744010994328530      ,  0.30312980127191225     
  0.26557207509582237      ,  0.92744627889394693      ,  0.30312786890742044     
  0.26557216007492723      ,  0.92745106249059561      ,  0.30312651412666819     
  0.26557430076969957      ,  0.92744411442373775      ,  0.30312917708748149     
  0.26557496217699034      ,  0.92744235066262404      ,  0.30313011991261618     
  0.26557143548588868      ,  0.92745851107784394      ,  0.30312511987461088     
  0.26557072878080273      ,  0.92745898451178599      ,  0.30312561701946278     
  0.26557439302470481      ,  0.92744069478194013      ,  0.30313246643437319     
  0.26557120717779020      ,  0.92745136494527791      ,  0.30312891756472687     
  0.26556791589839085      ,  0.92746419064369678      ,  0.30312392600209820     
  0.26557378465988118      ,  0.92744268223713555      ,  0.30313182192395144     
  0.26557454899316668      ,  0.92744855407698712      ,  0.30313313384756890     
  0.26557110150208940      ,  0.92746882285622134      ,  0.30312642589599165     
  0.26557137346677179      ,  0.92743719753966991      ,  0.30312659255272123     
  0.26557095136758746      ,  0.92741742984838160      ,  0.30312585881628773     
  0.26557719184573114      ,  0.92747685833311122      ,  0.30313274282375435     
  0.26558936990272580      ,  0.92752771438207660      ,  0.30315326543463850     
  0.26557271562414120      ,  0.92742098416651086      ,  0.30312708501661345     
  0.26552176162523067      ,  0.92720259084165069      ,  0.30304574903119597     
  0.26554863853332505      ,  0.92735572097752994      ,  0.30309375545059036     
  0.26572122586919728      ,  0.92814765583098835      ,  0.30336755353816641     
  0.26572616629398021      ,  0.92817127167291447      ,  0.30337538608085096     
  0.26520146549037260      ,  0.92570000011933729      ,  0.30254050083922862     
  0.26488146596365963      ,  0.92414736004368292      ,  0.30202072318130069     
  0.26629334211067412      ,  0.93086873702215811      ,  0.30428315467167777     
  0.26816506298964737      ,  0.93972790845475118      ,  0.30728145219463249     
  0.26481504977931797      ,  0.92387856199577567      ,  0.30192447382585685     
  0.25710450767555620      ,  0.88659248299794335      ,  0.28968901386644330     
  0.26217512693316491      ,  0.91169041322363320      ,  0.29788725957355333     
  0.28932877266389306      ,   1.0371453092030751      ,  0.34200070653783010     
  0.28663406887051313      ,   1.0302867237130069      ,  0.33954268484126998     
  0.19029502899744893      ,  0.51927626494863544      ,  0.19026468014393288     
  0.13198019617807102      ,   5.9649909186893071E-002 ,  0.10814105430135494     
  0.12534117135780332      ,   2.8894142778668110E-003 ,  0.10038283933105752     
  0.12501511299479431      ,   1.2795423030731356E-004 ,  0.10001692797046731     
  0.12500066670278162      ,   5.6445791860431079E-006 ,  0.10000074670987051     
  0.12500002941577285      ,   2.4904583715152134E-007 ,  0.10000003294567095     
  0.12500000129802266      ,   1.0989585049363214E-008 ,  0.10000000145378544     
  0.12500000005727177      ,   4.8488583624252322E-010 ,  0.10000000006414438     
  0.12500000000252628      ,   2.1388930377776245E-011 ,  0.10000000000282949     
  0.12500000000011138      ,   9.4307549956011145E-013 ,  0.10000000000012477     
  0.12500000000000488      ,   4.1434457651950711E-014 ,  0.10000000000000550     
  0.12500000000000022      ,   1.8355090836161351E-015 ,  0.10000000000000023     
  0.12500000000000000      ,   3.7406450354914868E-017 ,  0.10000000000000001     
  0.12500000000000000      ,   0.0000000000000000      ,  0.10000000000000001     
  0.12500000000000000      ,   0.0000000000000000      ,  0.10000000000000001     
  0.12500000000000000      ,   0.0000000000000000      ,  0.10000000000000001     
  0.12500000000000000      ,   0.0000000000000000      ,  0.10000000000000001     
  0.12500000000000000      ,   0.0000000000000000      ,  0.10000000000000001     
  0.12500000000000000      ,   0.0000000000000000      ,  0.10000000000000001     
  0.12500000000000000      ,   0.0000000000000000      ,  0.10000000000000001     
  0.12500000000000000      ,   0.0000000000000000      ,  0.10000000000000001     
  0.12500000000000000      ,   0.0000000000000000      ,  0.10000000000000001     
  0.12500000000000000      ,   0.0000000000000000      ,  0.10000000000000001     
  0.12500000000000000      ,   0.0000000000000000      ,  0.10000000000000001     
  0.12500000000000000      ,   0.0000000000000000      ,  0.10000000000000001     
  0.12500000000000000      ,   0.0000000000000000      ,  0.10000000000000001     
  0.12500000000000000      ,   0.0000000000000000      ,  0.10000000000000001     
  0.12500000000000000      ,   0.0000000000000000      ,  0.10000000000000001     
  0.12500000000000000      ,   0.0000000000000000      ,  0.10000000000000001     
  0.12500000000000000      ,   0.0000000000000000      ,  0.10000000000000001     
  0.12500000000000000      ,   0.0000000000000000      ,  0.10000000000000001     
  0.12500000000000000      ,   0.0000000000000000      ,  0.10000000000000001     
  0.12500000000000000      ,   0.0000000000000000      ,  0.10000000000000001     
  0.12500000000000000      ,   0.0000000000000000      ,  0.10000000000000001     
  0.12500000000000000      ,   0.0000000000000000      ,  0.10000000000000001     
  0.12500000000000000      ,   0.0000000000000000      ,  0.10000000000000001     
  0.12500000000000000      ,   0.0000000000000000      ,  0.10000000000000001     
  0.12500000000000000      ,   0.0000000000000000      ,  0.10000000000000001     
  0.12500000000000000      ,   0.0000000000000000      ,  0.10000000000000001     
  0.12500000000000000      ,   0.0000000000000000      ,  0.10000000000000001     
  0.12500000000000000      ,   0.0000000000000000      ,  0.10000000000000001     
  0.12500000000000000      ,   0.0000000000000000      ,  0.10000000000000001     
  0.12500000000000000      ,   0.0000000000000000      ,  0.10000000000000001     
  0.12500000000000000      ,   0.0000000000000000      ,  0.10000000000000001     
  0.12500000000000000      ,   0.0000000000000000      ,  0.10000000000000001     
  0.12500000000000000      ,   0.0000000000000000      ,  0.10000000000000001     
  0.12500000000000000      ,   0.0000000000000000      ,  0.10000000000000001     
  0.12500000000000000      ,   0.0000000000000000      ,  0.10000000000000001     
  0.12500000000000000      ,   0.0000000000000000      ,  0.10000000000000001     
  0.12500000000000000      ,   0.0000000000000000      ,  0.10000000000000001     
  0.12500000000000000      ,   0.0000000000000000      ,  0.10000000000000001     
  0.12500000000000000      ,   0.0000000000000000      ,  0.10000000000000001     
  0.12500000000000000      ,   0.0000000000000000      ,  0.10000000000000001     
  0.12500000000000000      ,   0.0000000000000000      ,  0.10000000000000001     
  0.12500000000000000      ,   0.0000000000000000      ,  0.10000000000000001     
  0.12500000000000000      ,   0.0000000000000000      ,  0.10000000000000001     
  0.12500000000000000      ,   0.0000000000000000      ,  0.10000000000000001     
  0.12500000000000000      ,   0.0000000000000000      ,  0.10000000000000001     
  0.12500000000000000      ,   0.0000000000000000      ,  0.10000000000000001     
  0.12500000000000000      ,   0.0000000000000000      ,  0.10000000000000001     
  0.12500000000000000      ,   0.0000000000000000      ,  0.10000000000000001     
  0.12500000000000000      ,   0.0000000000000000      ,  0.10000000000000001     
  0.12500000000000000      ,   0.0000000000000000      ,  0.10000000000000001     
  0.12500000000000000      ,   0.0000000000000000      ,  0.10000000000000001     
  0.12500000000000000      ,   0.0000000000000000      ,  0.10000000000000001     
  0.12500000000000000      ,   0.0000000000000000      ,  0.10000000000000001     
  0.12500000000000000      ,   0.0000000000000000      ,  0.10000000000000001     
  0.12500000000000000      ,   0.0000000000000000      ,  0.10000000000000001     
  0.12500000000000000      ,   0.0000000000000000      ,  0.10000000000000001     
  0.12500000000000000      ,   0.0000000000000000      ,  0.10000000000000001     
  0.12500000000000000      ,   0.0000000000000000      ,  0.10000000000000001     
  0.12500000000000000      ,   0.0000000000000000      ,  0.10000000000000001     
  0.12500000000000000      ,   0.0000000000000000      ,  0.10000000000000001     
  0.12500000000000000      ,   0.0000000000000000      ,  0.10000000000000001     
  0.12500000000000000      ,   0.0000000000000000      ,  0.10000000000000001     
  0.12500000000000000      ,   0.0000000000000000      ,  0.10000000000000001     
  0.12500000000000000      ,   0.0000000000000000      ,  0.10000000000000001     
  0.12500000000000000      ,   0.0000000000000000      ,  0.10000000000000001     
  0.12500000000000000      ,   0.0000000000000000      ,  0.10000000000000001     
  0.12500000000000000      ,   0.0000000000000000      ,  0.10000000000000001     
  0.12500000000000000      ,   0.0000000000000000      ,  0.10000000000000001     
  0.12500000000000000      ,   0.0000000000000000      ,  0.10000000000000001     
  0.12500000000000000      ,   0.0000000000000000      ,  0.10000000000000001     
  0.12500000000000000      ,   0.0000000000000000      ,  0.10000000000000001     
  0.12500000000000000      ,   0.0000000000000000      ,  0.10000000000000001     
  0.12500000000000000      ,   0.0000000000000000      ,  0.10000000000000001     
  0.12500000000000000      ,   0.0000000000000000      ,  0.10000000000000001     
  0.12500000000000000      ,   0.0000000000000000      ,  0.10000000000000001     
  0.12500000000000000      ,   0.0000000000000000      ,  0.10000000000000001     
  0.12500000000000000      ,   0.0000000000000000      ,  0.10000000000000001     
  0.12500000000000000      ,   0.0000000000000000      ,  0.10000000000000001     
  0.12500000000000000      ,   0.0000000000000000      ,  0.10000000000000001     
  0.12500000000000000      ,   0.0000000000000000      ,  0.10000000000000001     
  0.12500000000000000      ,   0.0000000000000000      ,  0.10000000000000001     
  0.12500000000000000      ,   0.0000000000000000      ,  0.10000000000000001     
  0.12500000000000000      ,   0.0000000000000000      ,  0.10000000000000001     
  0.12500000000000000      ,   0.0000000000000000      ,  0.10000000000000001     
  0.12500000000000000      ,   0.0000000000000000      ,  0.10000000000000001     
  0.12500000000000000      ,   0.0000000000000000      ,  0.10000000000000001     
  0.12500000000000000      ,   0.0000000000000000      ,  0.10000000000000001     
  0.12500000000000000      ,   0.0000000000000000      ,  0.10000000000000001     
  0.12500000000000000      ,   0.0000000000000000      ,  0.10000000000000001     
  0.12500000000000000      ,   0.0000000000000000      ,  0.10000000000000001     
  0.12500000000000000      ,   0.0000000000000000      ,  0.10000000000000001     
  0.12500000000000000      ,   0.0000000000000000      ,  0.10000000000000001     
  0.12500000000000000      ,   0.0000000000000000      ,  0.10000000000000001     
  0.12500000000000000      ,   0.0000000000000000      ,  0.10000000000000001     
  0.12500000000000000      ,   0.0000000000000000      ,  0.10000000000000001     
  0.12500000000000000      ,   0.0000000000000000      ,  0.10000000000000001     
  0.12500000000000000      ,   0.0000000000000000      ,  0.10000000000000001     
  0.12500000000000000      ,   0.0000000000000000      ,  0.10000000000000001     
  0.12500000000000000      ,   0.0000000000000000      ,  0.10000000000000001     
  0.12500000000000000      ,   0.0000000000000000      ,  0.10000000000000001     
  0.12500000000000000      ,   0.0000000000000000      ,  0.10000000000000001     
  0.12500000000000000      ,   0.0000000000000000      ,  0.10000000000000001     
  0.12500000000000000      ,   0.0000000000000000      ,  0.10000000000000001     
  0.12500000000000000      ,   0.0000000000000000      ,  0.10000000000000001     
  0.12500000000000000      ,   0.0000000000000000      ,  0.10000000000000001     
  0.12500000000000000      ,   0.0000000000000000      ,  0.10000000000000001     
  0.12500000000000000      ,   0.0000000000000000      ,  0.10000000000000001     
  0.12500000000000000      ,   0.0000000000000000      ,  0.10000000000000001     
  0.12500000000000000      ,   0.0000000000000000      ,  0.10000000000000001     
  0.12500000000000000      ,   0.0000000000000000      ,  0.10000000000000001     
  0.12500000000000000      ,   0.0000000000000000      ,  0.10000000000000001     
  0.12500000000000000      ,   0.0000000000000000      ,  0.10000000000000001     
  0.12500000000000000      ,   0.0000000000000000      ,  0.10000000000000001     
  0.12500000000000000      ,   0.0000000000000000      ,  0.10000000000000001     
  0.12500000000000000      ,   0.0000000000000000      ,  0.10000000000000001     
  0.12500000000000000      ,   0.0000000000000000      ,  0.10000000000000001     
  0.12500000000000000      ,   0.0000000000000000      ,  0.10000000000000001     
  0.12500000000000000      ,   0.0000000000000000      ,  0.10000000000000001     
  0.12500000000000000      ,   0.0000000000000000      ,  0.10000000000000001     
  0.12500000000000000      ,   0.0000000000000000      ,  0.10000000000000001     
  0.12500000000000000      ,   0.0000000000000000      ,  0.10000000000000001     
  0.12500000000000000      ,   0.0000000000000000      ,  0.10000000000000001     
  0.12500000000000000      ,   0.0000000000000000      ,  0.10000000000000001     
  0.12500000000000000      ,   0.0000000000000000      ,  0.10000000000000001     
  0.12500000000000000      ,   0.0000000000000000      ,  0.10000000000000001     
  0.12500000000000000      ,   0.0000000000000000      ,  0.10000000000000001     
  0.12500000000000000      ,   0.0000000000000000      ,  0.10000000000000001     
  0.12500000000000000      ,   0.0000000000000000      ,  0.10000000000000001     
  0.12500000000000000      ,   0.0000000000000000      ,  0.10000000000000001     
  0.12500000000000000      ,   0.0000000000000000      ,  0.10000000000000001     
  0.12500000000000000      ,   0.0000000000000000      ,  0.10000000000000001     
  0.12500000000000000      ,   0.0000000000000000      ,  0.10000000000000001     
  0.12500000000000000      ,   0.0000000000000000      ,  0.10000000000000001     
  0.12500000000000000      ,   0.0000000000000000      ,  0.10000000000000001     
  0.12500000000000000      ,   0.0000000000000000      ,  0.10000000000000001     
  0.12500000000000000      ,   0.0000000000000000      ,  0.10000000000000001     
  0.12500000000000000      ,   0.0000000000000000      ,  0.10000000000000001     
